image,width,height,label,xmin,ymin,xmax,ymax
frame1206.jpg,1280,720,pothole,690,396,738,441
frame1855.jpg,1280,720,pothole,721,384,774,401
frame1860.jpg,1280,720,pothole,742,402,794,415
frame1860.jpg,1280,720,pothole,454,438,510,464
frame1866.jpg,1280,720,pothole,247,532,352,589
frame1866.jpg,1280,720,pothole,785,430,858,449
frame1419.jpg,1280,720,pothole,700,395,765,471
frame1984.jpg,1280,720,pothole,852,534,980,575
frame1363.jpg,1280,720,pothole,606,514,630,609
frame1963.jpg,1280,720,pothole,698,384,776,418
frame390.jpg,1280,720,pothole,806,491,894,559
frame390.jpg,1280,720,pothole,878,544,950,584
frame155.jpg,1280,720,pothole,493,461,632,513
frame155.jpg,1280,720,pothole,647,463,718,507
frame155.jpg,1280,720,pothole,521,407,586,456
frame344.jpg,1280,720,pothole,846,502,880,526
frame553.jpg,1280,720,pothole,429,467,546,588
frame1340.jpg,1280,720,pothole,595,510,631,565
frame379.jpg,1280,720,pothole,450,518,507,561
frame246.jpg,1280,720,pothole,379,559,481,595
frame1446.jpg,1280,720,pothole,742,455,851,565
frame1974.jpg,1280,720,pothole,717,401,868,505
frame1974.jpg,1280,720,pothole,820,476,1007,580
frame1708.jpg,1280,720,pothole,844,499,965,543
frame1960.jpg,1280,720,pothole,695,375,757,410
frame422.jpg,1280,720,pothole,474,476,501,491
frame1450.jpg,1280,720,pothole,700,394,751,455
frame1450.jpg,1280,720,pothole,780,497,865,575
frame1865.jpg,1280,720,pothole,300,505,390,558
frame1865.jpg,1280,720,pothole,772,420,845,443
frame2113.jpg,1280,720,pothole,699,380,813,446
frame350.jpg,1280,720,pothole,925,556,952,571
frame1841.jpg,1280,720,pothole,811,440,926,483
frame1560.jpg,1280,720,pothole,632,434,655,475
frame1370.jpg,1280,720,pothole,600,531,634,559
frame2168.jpg,1280,720,pothole,725,390,800,425
frame2168.jpg,1280,720,pothole,864,476,963,528
frame1338.jpg,1280,720,pothole,614,475,631,573
frame236.jpg,1280,720,pothole,511,406,598,481
frame236.jpg,1280,720,pothole,742,456,784,479
frame81.jpg,1280,720,pothole,859,524,887,548
frame482.jpg,1280,720,pothole,544,429,610,474
frame1416.jpg,1280,720,pothole,696,389,738,450
frame2152.jpg,1280,720,pothole,723,386,841,457
frame2152.jpg,1280,720,pothole,876,492,935,520
frame2152.jpg,1280,720,pothole,693,366,729,385
frame1199.jpg,1280,720,pothole,679,380,713,408
frame1314.jpg,1280,720,pothole,504,505,556,559
frame375.jpg,1280,720,pothole,785,456,864,483
frame375.jpg,1280,720,pothole,541,428,574,465
frame264.jpg,1280,720,pothole,784,493,857,537
frame264.jpg,1280,720,pothole,739,441,793,468
frame264.jpg,1280,720,pothole,465,452,553,496
frame177.jpg,1280,720,pothole,456,506,511,531
frame177.jpg,1280,720,pothole,490,456,555,493
frame177.jpg,1280,720,pothole,535,410,594,446
frame2173.jpg,1280,720,pothole,745,391,864,462
frame259.jpg,1280,720,pothole,744,457,843,522
frame259.jpg,1280,720,pothole,737,424,767,454
frame259.jpg,1280,720,pothole,710,406,749,431
frame2139.jpg,1280,720,pothole,707,377,740,396
frame1692.jpg,1280,720,pothole,722,389,757,408
frame334.jpg,1280,720,pothole,525,475,561,496
frame215.jpg,1280,720,pothole,783,477,892,569
frame215.jpg,1280,720,pothole,520,444,584,474
frame215.jpg,1280,720,pothole,542,415,607,446
frame419.jpg,1280,720,pothole,402,498,489,529
frame419.jpg,1280,720,pothole,878,519,935,567
frame419.jpg,1280,720,pothole,837,518,878,544
frame419.jpg,1280,720,pothole,847,482,886,521
frame1217.jpg,1280,720,pothole,745,484,864,586
frame1749.jpg,1280,720,pothole,764,435,823,459
frame2178.jpg,1280,720,pothole,781,433,845,454
frame2178.jpg,1280,720,pothole,848,450,934,515
frame2178.jpg,1280,720,pothole,945,527,1026,570
frame1438.jpg,1280,720,pothole,695,395,802,512
frame1950.jpg,1280,720,pothole,687,365,730,394
frame284.jpg,1280,720,pothole,842,522,870,544
frame140.jpg,1280,720,pothole,514,500,672,624
frame140.jpg,1280,720,pothole,561,438,655,482
frame140.jpg,1280,720,pothole,527,422,584,451
frame140.jpg,1280,720,pothole,560,395,607,413
frame1495.jpg,1280,720,pothole,623,478,668,533
frame1208.jpg,1280,720,pothole,700,404,752,458
frame1948.jpg,1280,720,pothole,685,365,715,383
frame1837.jpg,1280,720,pothole,765,412,837,440
frame302.jpg,1280,720,pothole,534,402,608,435
frame358.jpg,1280,720,pothole,481,501,507,512
frame2122.jpg,1280,720,pothole,735,398,902,510
frame262.jpg,1280,720,pothole,790,532,898,570
frame262.jpg,1280,720,pothole,753,450,808,491
frame262.jpg,1280,720,pothole,728,415,766,450
frame117.jpg,1280,720,pothole,578,452,630,482
frame117.jpg,1280,720,pothole,471,438,555,487
frame117.jpg,1280,720,pothole,529,403,604,431
frame117.jpg,1280,720,pothole,578,368,628,395
frame117.jpg,1280,720,pothole,675,399,749,438
frame2118.jpg,1280,720,pothole,715,394,825,453
frame2118.jpg,1280,720,pothole,821,473,902,501
frame401.jpg,1280,720,pothole,514,460,553,483
frame1424.jpg,1280,720,pothole,709,415,782,496
frame1424.jpg,1280,720,pothole,789,504,833,568
frame2074.jpg,1280,720,pothole,744,427,785,460
frame2234.jpg,1280,720,pothole,809,454,917,497
frame269.jpg,1280,720,pothole,811,505,903,581
frame413.jpg,1280,720,pothole,776,475,867,518
frame413.jpg,1280,720,pothole,481,445,580,495
frame413.jpg,1280,720,pothole,691,418,790,459
frame220.jpg,1280,720,pothole,421,511,517,572
frame220.jpg,1280,720,pothole,492,463,566,510
frame220.jpg,1280,720,pothole,547,413,598,456
frame241.jpg,1280,720,pothole,853,554,885,579
frame241.jpg,1280,720,pothole,762,458,806,482
frame241.jpg,1280,720,pothole,455,454,558,538
frame104.jpg,1280,720,pothole,467,594,534,632
frame104.jpg,1280,720,pothole,710,431,749,453
frame545.jpg,1280,720,pothole,548,414,594,445
frame545.jpg,1280,720,pothole,604,364,735,458
frame1957.jpg,1280,720,pothole,692,373,745,401
frame416.jpg,1280,720,pothole,471,455,524,476
frame416.jpg,1280,720,pothole,781,450,841,499
frame148.jpg,1280,720,pothole,419,456,539,552
frame148.jpg,1280,720,pothole,500,419,568,459
frame425.jpg,1280,720,pothole,526,397,606,437
frame2108.jpg,1280,720,pothole,698,380,772,422
frame1356.jpg,1280,720,pothole,604,389,657,593
frame303.jpg,1280,720,pothole,536,416,590,457
frame1829.jpg,1280,720,pothole,726,384,784,403
frame123.jpg,1280,720,pothole,480,486,624,545
frame123.jpg,1280,720,pothole,495,437,593,478
frame123.jpg,1280,720,pothole,524,414,591,432
frame452.jpg,1280,720,pothole,716,420,759,457
frame128.jpg,1280,720,pothole,548,488,609,535
frame128.jpg,1280,720,pothole,580,458,638,474
frame128.jpg,1280,720,pothole,592,398,657,425
frame128.jpg,1280,720,pothole,532,407,583,437
frame245.jpg,1280,720,pothole,431,533,502,574
frame2236.jpg,1280,720,pothole,829,484,1006,550
frame1310.jpg,1280,720,pothole,557,453,588,480
frame1474.jpg,1280,720,pothole,318,445,427,504
frame95.jpg,1280,720,pothole,736,422,791,438
frame95.jpg,1280,720,pothole,586,429,619,446
frame2165.jpg,1280,720,pothole,807,435,885,478
frame2165.jpg,1280,720,pothole,872,484,935,507
frame2165.jpg,1280,720,pothole,924,516,1072,571
frame2165.jpg,1280,720,pothole,711,375,781,414
frame1397.jpg,1280,720,pothole,706,414,803,529
frame2221.jpg,1280,720,pothole,720,387,775,406
frame1381.jpg,1280,720,pothole,836,499,883,522
frame1411.jpg,1280,720,pothole,687,382,716,420
frame76.jpg,1280,720,pothole,821,506,879,528
frame2228.jpg,1280,720,pothole,744,406,831,443
frame2150.jpg,1280,720,pothole,833,457,882,491
frame2150.jpg,1280,720,pothole,901,506,956,535
frame2150.jpg,1280,720,pothole,713,382,820,439
frame238.jpg,1280,720,pothole,472,410,592,511
frame238.jpg,1280,720,pothole,774,481,817,515
frame1942.jpg,1280,720,pothole,677,360,713,378
frame472.jpg,1280,720,pothole,522,461,578,489
frame1402.jpg,1280,720,pothole,736,450,844,577
frame1400.jpg,1280,720,pothole,720,431,835,575
frame449.jpg,1280,720,pothole,559,436,601,457
frame449.jpg,1280,720,pothole,702,408,748,428
frame1496.jpg,1280,720,pothole,626,501,676,552
frame1695.jpg,1280,720,pothole,725,395,774,417
frame1753.jpg,1280,720,pothole,826,487,903,515
frame1366.jpg,1280,720,pothole,617,450,647,544
frame2219.jpg,1280,720,pothole,712,380,764,406
frame2148.jpg,1280,720,pothole,714,377,799,429
frame1382.jpg,1280,720,pothole,872,530,928,548
frame1219.jpg,1280,720,pothole,755,460,838,530
frame1219.jpg,1280,720,pothole,793,544,852,583
frame1467.jpg,1280,720,pothole,354,462,398,488
frame1467.jpg,1280,720,pothole,460,402,510,436
frame389.jpg,1280,720,pothole,791,475,899,554
frame1335.jpg,1280,720,pothole,616,439,643,510
frame1702.jpg,1280,720,pothole,759,424,827,451
frame1953.jpg,1280,720,pothole,686,371,733,392
frame2134.jpg,1280,720,pothole,924,543,1046,603
frame429.jpg,1280,720,pothole,508,414,584,484
frame1956.jpg,1280,720,pothole,689,371,741,402
frame164.jpg,1280,720,pothole,416,489,521,575
frame1357.jpg,1280,720,pothole,603,397,646,587
frame1406.jpg,1280,720,pothole,779,513,850,579
frame1041.jpg,1280,720,pothole,513,415,588,478
frame1471.jpg,1280,720,pothole,395,424,468,468
frame2131.jpg,1280,720,pothole,821,464,915,516
frame1561.jpg,1280,720,pothole,628,446,656,491
frame138.jpg,1280,720,pothole,525,474,670,568
frame138.jpg,1280,720,pothole,596,425,652,459
frame138.jpg,1280,720,pothole,715,552,738,577
frame138.jpg,1280,720,pothole,465,465,506,505
frame138.jpg,1280,720,pothole,501,437,569,466
frame138.jpg,1280,720,pothole,547,409,587,434
frame147.jpg,1280,720,pothole,499,573,607,623
frame147.jpg,1280,720,pothole,432,433,551,536
frame400.jpg,1280,720,pothole,526,451,569,473
frame400.jpg,1280,720,pothole,843,531,893,555
frame2232.jpg,1280,720,pothole,787,424,866,473
frame481.jpg,1280,720,pothole,546,457,587,483
frame481.jpg,1280,720,pothole,563,429,600,457
frame470.jpg,1280,720,pothole,557,420,601,460
frame2225.jpg,1280,720,pothole,733,397,799,420
frame1703.jpg,1280,720,pothole,770,437,847,463
frame1566.jpg,1280,720,pothole,613,530,652,613
frame1040.jpg,1280,720,pothole,535,408,593,468
frame1826.jpg,1280,720,pothole,715,378,763,400
frame2184.jpg,1280,720,pothole,890,497,1061,561
frame2184.jpg,1280,720,pothole,805,428,827,455
frame1477.jpg,1280,720,pothole,281,486,350,512
frame1832.jpg,1280,720,pothole,740,393,795,412
frame137.jpg,1280,720,pothole,533,460,670,525
frame137.jpg,1280,720,pothole,695,516,738,541
frame137.jpg,1280,720,pothole,599,420,653,443
frame137.jpg,1280,720,pothole,474,477,529,500
frame137.jpg,1280,720,pothole,507,431,584,452
frame137.jpg,1280,720,pothole,555,404,600,420
frame1441.jpg,1280,720,pothole,716,420,758,465
frame1441.jpg,1280,720,pothole,767,480,860,575
frame1975.jpg,1280,720,pothole,732,412,876,507
frame1975.jpg,1280,720,pothole,830,474,986,575
frame336.jpg,1280,720,pothole,502,521,528,534
frame178.jpg,1280,720,pothole,489,464,540,513
frame178.jpg,1280,720,pothole,530,411,584,455
frame178.jpg,1280,720,pothole,568,383,615,408
frame116.jpg,1280,720,pothole,584,443,624,466
frame116.jpg,1280,720,pothole,507,441,550,477
frame116.jpg,1280,720,pothole,537,405,587,434
frame116.jpg,1280,720,pothole,582,374,623,405
frame116.jpg,1280,720,pothole,684,404,738,427
frame116.jpg,1280,720,pothole,666,374,713,398
frame2117.jpg,1280,720,pothole,801,457,885,493
frame2117.jpg,1280,720,pothole,714,384,806,448
frame182.jpg,1280,720,pothole,470,456,553,522
frame182.jpg,1280,720,pothole,515,432,565,455
frame182.jpg,1280,720,pothole,557,395,606,423
frame182.jpg,1280,720,pothole,865,532,888,554
frame182.jpg,1280,720,pothole,817,546,866,580
frame1395.jpg,1280,720,pothole,700,403,768,484
frame453.jpg,1280,720,pothole,728,424,767,468
frame1966.jpg,1280,720,pothole,695,389,801,442
frame195.jpg,1280,720,pothole,764,465,884,527
frame195.jpg,1280,720,pothole,444,481,521,519
frame195.jpg,1280,720,pothole,505,443,557,474
frame195.jpg,1280,720,pothole,751,438,784,471
frame1439.jpg,1280,720,pothole,700,407,822,535
frame162.jpg,1280,720,pothole,411,454,557,588
frame1476.jpg,1280,720,pothole,207,505,322,535
frame374.jpg,1280,720,pothole,777,444,830,458
frame374.jpg,1280,720,pothole,541,425,582,469
frame2161.jpg,1280,720,pothole,822,449,979,543
frame2161.jpg,1280,720,pothole,768,407,825,449
frame2161.jpg,1280,720,pothole,699,370,755,406
frame194.jpg,1280,720,pothole,434,456,549,595
frame194.jpg,1280,720,pothole,802,477,839,511
frame194.jpg,1280,720,pothole,739,429,802,478
frame194.jpg,1280,720,pothole,522,436,575,452
frame194.jpg,1280,720,pothole,548,407,607,432
frame1308.jpg,1280,720,pothole,574,433,598,452
frame496.jpg,1280,720,pothole,542,446,595,469
frame496.jpg,1280,720,pothole,557,423,588,444
frame216.jpg,1280,720,pothole,799,516,894,578
frame216.jpg,1280,720,pothole,517,455,567,486
frame216.jpg,1280,720,pothole,537,429,597,450
frame216.jpg,1280,720,pothole,380,550,465,602
frame216.jpg,1280,720,pothole,457,501,539,545
frame201.jpg,1280,720,pothole,501,441,583,498
frame201.jpg,1280,720,pothole,762,459,816,484
frame1213.jpg,1280,720,pothole,716,432,815,541
frame217.jpg,1280,720,pothole,403,543,494,606
frame217.jpg,1280,720,pothole,499,466,558,500
frame217.jpg,1280,720,pothole,530,431,602,461
frame1202.jpg,1280,720,pothole,685,388,725,424
frame1409.jpg,1280,720,pothole,684,378,713,412
frame209.jpg,1280,720,pothole,488,479,556,537
frame209.jpg,1280,720,pothole,576,496,610,519
frame209.jpg,1280,720,pothole,793,486,825,519
frame209.jpg,1280,720,pothole,756,455,799,474
frame209.jpg,1280,720,pothole,728,418,776,448
frame209.jpg,1280,720,pothole,517,432,598,469
frame209.jpg,1280,720,pothole,563,399,619,421
frame1444.jpg,1280,720,pothole,722,435,805,509
frame1444.jpg,1280,720,pothole,811,530,878,582
frame1035.jpg,1280,720,pothole,526,390,607,475
frame1415.jpg,1280,720,pothole,685,385,736,436
frame1086.jpg,1280,720,pothole,513,405,602,472
frame1361.jpg,1280,720,pothole,603,498,643,556
frame125.jpg,1280,720,pothole,474,536,621,632
frame125.jpg,1280,720,pothole,506,418,623,455
frame1943.jpg,1280,720,pothole,677,359,711,379
frame1709.jpg,1280,720,pothole,892,525,1030,580
frame237.jpg,1280,720,pothole,487,427,592,482
frame237.jpg,1280,720,pothole,746,460,796,495
frame1408.jpg,1280,720,pothole,685,372,708,406
frame2183.jpg,1280,720,pothole,840,476,987,532
frame2183.jpg,1280,720,pothole,958,536,1060,565
frame466.jpg,1280,720,pothole,550,411,622,450
frame1491.jpg,1280,720,pothole,635,433,673,580
frame479.jpg,1280,720,pothole,547,405,623,462
frame129.jpg,1280,720,pothole,536,513,607,543
frame129.jpg,1280,720,pothole,581,468,627,486
frame129.jpg,1280,720,pothole,600,411,674,438
frame129.jpg,1280,720,pothole,525,429,574,442
frame414.jpg,1280,720,pothole,806,488,901,537
frame142.jpg,1280,720,pothole,509,570,628,636
frame142.jpg,1280,720,pothole,375,525,471,563
frame142.jpg,1280,720,pothole,533,457,661,538
frame142.jpg,1280,720,pothole,515,411,593,451
frame114.jpg,1280,720,pothole,784,493,828,529
frame114.jpg,1280,720,pothole,600,431,627,448
frame2145.jpg,1280,720,pothole,715,378,777,418
frame480.jpg,1280,720,pothole,561,422,598,457
frame392.jpg,1280,720,pothole,535,456,560,470
frame392.jpg,1280,720,pothole,562,418,595,434
frame151.jpg,1280,720,pothole,366,496,495,592
frame151.jpg,1280,720,pothole,463,434,556,493
frame151.jpg,1280,720,pothole,561,428,629,451
frame151.jpg,1280,720,pothole,639,427,705,452
frame151.jpg,1280,720,pothole,552,396,598,431
frame1486.jpg,1280,720,pothole,638,398,664,521
frame1460.jpg,1280,720,pothole,644,486,685,522
frame1460.jpg,1280,720,pothole,738,452,871,578
frame1212.jpg,1280,720,pothole,708,424,795,518
frame1378.jpg,1280,720,pothole,776,451,820,475
frame1493.jpg,1280,720,pothole,629,442,679,580
frame1862.jpg,1280,720,pothole,420,456,485,491
frame1862.jpg,1280,720,pothole,752,407,828,424
frame1967.jpg,1280,720,pothole,695,386,820,450
frame1498.jpg,1280,720,pothole,625,564,663,611
frame205.jpg,1280,720,pothole,480,468,537,538
frame205.jpg,1280,720,pothole,778,470,815,486
frame205.jpg,1280,720,pothole,743,441,785,466
frame205.jpg,1280,720,pothole,555,411,588,467
frame205.jpg,1280,720,pothole,721,407,752,427
frame1978.jpg,1280,720,pothole,752,431,870,496
frame1978.jpg,1280,720,pothole,820,480,984,570
frame1698.jpg,1280,720,pothole,733,406,785,428
frame1168.jpg,1280,720,pothole,770,520,800,563
frame1221.jpg,1280,720,pothole,778,475,851,562
frame1354.jpg,1280,720,pothole,596,537,627,586
frame1354.jpg,1280,720,pothole,610,466,644,515
frame102.jpg,1280,720,pothole,517,514,574,552
frame102.jpg,1280,720,pothole,830,507,901,534
frame102.jpg,1280,720,pothole,698,415,751,439
frame1203.jpg,1280,720,pothole,681,386,727,424
frame253.jpg,1280,720,pothole,721,438,843,520
frame253.jpg,1280,720,pothole,717,411,779,433
frame1371.jpg,1280,720,pothole,600,572,625,596
frame1425.jpg,1280,720,pothole,722,425,791,513
frame1425.jpg,1280,720,pothole,809,504,840,575
frame1463.jpg,1280,720,pothole,817,535,864,584
frame103.jpg,1280,720,pothole,501,552,559,587
frame103.jpg,1280,720,pothole,698,423,752,439
frame475.jpg,1280,720,pothole,569,400,616,443
frame146.jpg,1280,720,pothole,491,546,647,629
frame146.jpg,1280,720,pothole,461,428,569,514
frame1755.jpg,1280,720,pothole,895,530,985,573
frame1432.jpg,1280,720,pothole,571,487,603,518
frame1432.jpg,1280,720,pothole,652,413,677,460
frame1432.jpg,1280,720,pothole,760,467,870,578
frame1432.jpg,1280,720,pothole,686,387,739,431
frame144.jpg,1280,720,pothole,515,483,654,606
frame144.jpg,1280,720,pothole,500,419,583,475
frame372.jpg,1280,720,pothole,865,524,915,549
frame372.jpg,1280,720,pothole,824,513,847,531
frame372.jpg,1280,720,pothole,802,495,824,505
frame1453.jpg,1280,720,pothole,710,414,778,478
frame1453.jpg,1280,720,pothole,642,415,671,477
frame1846.jpg,1280,720,pothole,932,519,1094,572
frame1748.jpg,1280,720,pothole,756,428,824,453
frame130.jpg,1280,720,pothole,505,554,601,577
frame130.jpg,1280,720,pothole,577,483,624,506
frame130.jpg,1280,720,pothole,591,414,660,445
frame130.jpg,1280,720,pothole,521,420,574,454
frame2147.jpg,1280,720,pothole,711,376,786,427
frame2237.jpg,1280,720,pothole,860,492,1046,575
frame1961.jpg,1280,720,pothole,694,383,768,417
frame1949.jpg,1280,720,pothole,688,369,721,387
frame1038.jpg,1280,720,pothole,540,388,610,456
frame1410.jpg,1280,720,pothole,686,379,713,411
frame172.jpg,1280,720,pothole,811,493,869,537
frame172.jpg,1280,720,pothole,778,448,837,481
frame172.jpg,1280,720,pothole,524,418,589,459
frame1417.jpg,1280,720,pothole,695,387,746,459
frame1088.jpg,1280,720,pothole,500,419,594,489
frame1447.jpg,1280,720,pothole,755,476,869,575
frame550.jpg,1280,720,pothole,504,428,577,508
frame550.jpg,1280,720,pothole,388,563,462,619
frame1983.jpg,1280,720,pothole,842,508,907,573
frame239.jpg,1280,720,pothole,449,413,593,520
frame239.jpg,1280,720,pothole,783,491,838,542
frame1360.jpg,1280,720,pothole,610,469,643,531
frame1216.jpg,1280,720,pothole,739,464,857,585
frame2129.jpg,1280,720,pothole,788,445,855,488
frame2129.jpg,1280,720,pothole,860,505,954,556
frame1401.jpg,1280,720,pothole,728,443,837,575
frame484.jpg,1280,720,pothole,566,421,589,465
frame484.jpg,1280,720,pothole,567,422,588,464
frame1484.jpg,1280,720,pothole,637,391,663,478
frame2071.jpg,1280,720,pothole,726,402,758,439
frame1200.jpg,1280,720,pothole,679,380,721,415
frame1843.jpg,1280,720,pothole,846,462,991,526
frame499.jpg,1280,720,pothole,507,498,539,520
frame1309.jpg,1280,720,pothole,564,439,600,474
frame1407.jpg,1280,720,pothole,791,523,849,579
frame1358.jpg,1280,720,pothole,620,451,648,500
frame1746.jpg,1280,720,pothole,740,414,797,435
frame1567.jpg,1280,720,pothole,615,544,647,615
frame2220.jpg,1280,720,pothole,720,385,780,410
frame1211.jpg,1280,720,pothole,701,423,784,493
frame189.jpg,1280,720,pothole,498,414,585,492
frame189.jpg,1280,720,pothole,735,433,764,451
frame189.jpg,1280,720,pothole,720,404,765,427
frame1701.jpg,1280,720,pothole,753,420,822,443
frame1751.jpg,1280,720,pothole,796,455,855,484
frame1034.jpg,1280,720,pothole,514,393,605,494
frame1429.jpg,1280,720,pothole,750,451,860,582
frame1429.jpg,1280,720,pothole,599,450,621,472
frame1429.jpg,1280,720,pothole,685,378,730,417
frame165.jpg,1280,720,pothole,426,519,502,570
frame1485.jpg,1280,720,pothole,642,405,662,496
frame1427.jpg,1280,720,pothole,725,435,860,575
frame405.jpg,1280,720,pothole,502,405,591,484
frame2155.jpg,1280,720,pothole,837,455,911,496
frame2155.jpg,1280,720,pothole,760,410,839,460
frame2155.jpg,1280,720,pothole,738,393,770,415
frame2155.jpg,1280,720,pothole,690,364,734,388
frame1977.jpg,1280,720,pothole,734,426,886,510
frame1977.jpg,1280,720,pothole,807,486,997,575
frame171.jpg,1280,720,pothole,789,473,853,515
frame171.jpg,1280,720,pothole,762,441,806,474
frame171.jpg,1280,720,pothole,526,420,584,469
frame1336.jpg,1280,720,pothole,615,450,640,530
frame348.jpg,1280,720,pothole,837,497,877,517
frame348.jpg,1280,720,pothole,899,543,932,561
frame188.jpg,1280,720,pothole,410,501,503,572
frame188.jpg,1280,720,pothole,521,406,585,477
frame1210.jpg,1280,720,pothole,700,407,762,477
frame210.jpg,1280,720,pothole,562,513,610,542
frame210.jpg,1280,720,pothole,820,506,861,534
frame210.jpg,1280,720,pothole,776,460,816,498
frame210.jpg,1280,720,pothole,739,429,787,469
frame210.jpg,1280,720,pothole,492,492,558,525
frame210.jpg,1280,720,pothole,515,447,575,490
frame210.jpg,1280,720,pothole,567,393,617,437
frame474.jpg,1280,720,pothole,481,486,562,530
frame474.jpg,1280,720,pothole,537,459,592,482
frame474.jpg,1280,720,pothole,542,409,617,449
frame254.jpg,1280,720,pothole,720,445,880,545
frame254.jpg,1280,720,pothole,707,414,778,442
frame113.jpg,1280,720,pothole,770,482,804,502
frame113.jpg,1280,720,pothole,778,509,814,539
frame1085.jpg,1280,720,pothole,529,414,596,458
frame161.jpg,1280,720,pothole,434,426,558,583
frame308.jpg,1280,720,pothole,501,443,567,487
frame1976.jpg,1280,720,pothole,736,412,853,495
frame1976.jpg,1280,720,pothole,800,460,1026,578
frame152.jpg,1280,720,pothole,433,450,538,525
frame152.jpg,1280,720,pothole,542,441,633,459
frame152.jpg,1280,720,pothole,652,433,704,457
frame152.jpg,1280,720,pothole,546,396,596,434
frame1840.jpg,1280,720,pothole,798,435,902,468
frame1037.jpg,1280,720,pothole,518,390,608,483
frame1339.jpg,1280,720,pothole,600,482,635,555
frame2123.jpg,1280,720,pothole,737,404,923,537
frame1847.jpg,1280,720,pothole,551,381,587,403
frame1565.jpg,1280,720,pothole,623,489,655,592
frame2121.jpg,1280,720,pothole,735,399,871,491
frame2121.jpg,1280,720,pothole,966,547,1015,582
frame2227.jpg,1280,720,pothole,738,408,811,430
frame1952.jpg,1280,720,pothole,686,368,735,392
frame2163.jpg,1280,720,pothole,867,476,993,557
frame2163.jpg,1280,720,pothole,789,416,844,449
frame2163.jpg,1280,720,pothole,820,456,900,493
frame2163.jpg,1280,720,pothole,707,373,765,410
frame377.jpg,1280,720,pothole,824,471,923,564
frame377.jpg,1280,720,pothole,537,452,562,469
frame377.jpg,1280,720,pothole,556,436,578,453
frame1869.jpg,1280,720,pothole,815,457,924,493
frame1355.jpg,1280,720,pothole,612,488,633,545
frame2226.jpg,1280,720,pothole,738,401,814,437
frame211.jpg,1280,720,pothole,559,548,597,580
frame211.jpg,1280,720,pothole,456,514,539,554
frame211.jpg,1280,720,pothole,499,447,598,504
frame211.jpg,1280,720,pothole,789,484,824,504
frame211.jpg,1280,720,pothole,742,442,799,478
frame211.jpg,1280,720,pothole,555,409,608,438
frame211.jpg,1280,720,pothole,597,365,635,400
frame1742.jpg,1280,720,pothole,727,395,763,417
frame347.jpg,1280,720,pothole,824,478,852,498
frame2171.jpg,1280,720,pothole,728,393,825,453
frame2171.jpg,1280,720,pothole,968,528,1058,572
frame197.jpg,1280,720,pothole,770,456,826,500
frame197.jpg,1280,720,pothole,830,504,889,554
frame197.jpg,1280,720,pothole,472,464,556,506
frame197.jpg,1280,720,pothole,538,413,601,452
frame2175.jpg,1280,720,pothole,751,408,920,500
frame1445.jpg,1280,720,pothole,728,447,826,533
frame143.jpg,1280,720,pothole,538,572,621,609
frame143.jpg,1280,720,pothole,539,474,643,554
frame143.jpg,1280,720,pothole,506,415,592,470
frame2156.jpg,1280,720,pothole,835,464,938,515
frame2156.jpg,1280,720,pothole,770,415,840,459
frame2156.jpg,1280,720,pothole,735,395,774,420
frame2156.jpg,1280,720,pothole,693,373,744,394
frame409.jpg,1280,720,pothole,500,411,606,505
frame409.jpg,1280,720,pothole,820,504,882,517
frame409.jpg,1280,720,pothole,772,463,812,499
frame409.jpg,1280,720,pothole,725,429,803,449
frame409.jpg,1280,720,pothole,721,415,764,430
frame409.jpg,1280,720,pothole,542,393,614,419
frame2128.jpg,1280,720,pothole,825,476,1030,575
frame2128.jpg,1280,720,pothole,771,428,837,468
frame1705.jpg,1280,720,pothole,798,453,873,480
frame176.jpg,1280,720,pothole,476,479,524,513
frame176.jpg,1280,720,pothole,507,443,560,475
frame176.jpg,1280,720,pothole,549,407,596,438
frame543.jpg,1280,720,pothole,596,363,735,434
frame1368.jpg,1280,720,pothole,606,482,649,583
frame1845.jpg,1280,720,pothole,905,494,1089,573
frame435.jpg,1280,720,pothole,412,469,537,587
frame2231.jpg,1280,720,pothole,778,428,870,468
frame417.jpg,1280,720,pothole,464,458,510,495
frame417.jpg,1280,720,pothole,786,471,874,517
frame1215.jpg,1280,720,pothole,730,457,854,582
frame255.jpg,1280,720,pothole,715,448,902,570
frame255.jpg,1280,720,pothole,721,425,790,448
frame349.jpg,1280,720,pothole,863,516,913,539
frame2120.jpg,1280,720,pothole,905,513,976,564
frame2120.jpg,1280,720,pothole,723,397,850,478
frame310.jpg,1280,720,pothole,469,454,558,511
frame2176.jpg,1280,720,pothole,765,416,930,514
frame1951.jpg,1280,720,pothole,681,368,729,389
frame121.jpg,1280,720,pothole,534,522,606,572
frame121.jpg,1280,720,pothole,510,463,637,495
frame121.jpg,1280,720,pothole,465,489,506,518
frame121.jpg,1280,720,pothole,556,396,602,431
frame121.jpg,1280,720,pothole,509,428,563,459
frame121.jpg,1280,720,pothole,692,433,765,447
frame121.jpg,1280,720,pothole,710,457,764,487
frame186.jpg,1280,720,pothole,456,474,525,520
frame186.jpg,1280,720,pothole,528,397,593,456
frame186.jpg,1280,720,pothole,711,397,755,432
frame378.jpg,1280,720,pothole,820,495,941,563
frame378.jpg,1280,720,pothole,527,457,562,482
frame378.jpg,1280,720,pothole,541,419,587,456
frame191.jpg,1280,720,pothole,487,437,575,515
frame191.jpg,1280,720,pothole,546,418,585,434
frame191.jpg,1280,720,pothole,738,450,790,479
frame191.jpg,1280,720,pothole,717,415,778,443
frame2239.jpg,1280,720,pothole,947,543,1040,578
frame1457.jpg,1280,720,pothole,638,441,681,473
frame1457.jpg,1280,720,pothole,631,504,670,527
frame1457.jpg,1280,720,pothole,715,425,849,560
frame2153.jpg,1280,720,pothole,723,383,860,464
frame2153.jpg,1280,720,pothole,926,518,974,546
frame2153.jpg,1280,720,pothole,694,367,725,385
frame407.jpg,1280,720,pothole,501,403,598,490
frame407.jpg,1280,720,pothole,775,468,839,494
frame407.jpg,1280,720,pothole,719,412,782,441
frame398.jpg,1280,720,pothole,498,462,561,487
frame398.jpg,1280,720,pothole,542,432,573,449
frame1965.jpg,1280,720,pothole,697,385,792,432
frame376.jpg,1280,720,pothole,784,469,908,514
frame376.jpg,1280,720,pothole,548,436,580,458
frame1744.jpg,1280,720,pothole,724,400,785,423
frame467.jpg,1280,720,pothole,554,399,625,445
frame1472.jpg,1280,720,pothole,375,433,459,476
frame394.jpg,1280,720,pothole,538,426,583,443
frame99.jpg,1280,720,pothole,766,459,813,484
frame99.jpg,1280,720,pothole,552,465,601,483
frame99.jpg,1280,720,pothole,703,406,729,422
frame2114.jpg,1280,720,pothole,705,383,820,454
frame1858.jpg,1280,720,pothole,735,398,785,411
frame1858.jpg,1280,720,pothole,478,424,535,450
frame126.jpg,1280,720,pothole,468,596,605,638
frame126.jpg,1280,720,pothole,509,561,589,591
frame126.jpg,1280,720,pothole,366,566,410,606
frame126.jpg,1280,720,pothole,410,525,459,556
frame126.jpg,1280,720,pothole,565,464,628,488
frame126.jpg,1280,720,pothole,595,441,631,454
frame126.jpg,1280,720,pothole,520,425,580,445
frame126.jpg,1280,720,pothole,600,400,661,424
frame244.jpg,1280,720,pothole,833,529,866,555
frame244.jpg,1280,720,pothole,512,479,549,512
frame244.jpg,1280,720,pothole,474,504,526,537
frame412.jpg,1280,720,pothole,766,466,840,491
frame412.jpg,1280,720,pothole,503,462,559,492
frame412.jpg,1280,720,pothole,528,419,565,448
frame412.jpg,1280,720,pothole,736,414,794,460
frame483.jpg,1280,720,pothole,562,436,591,470
frame111.jpg,1280,720,pothole,755,470,784,489
frame111.jpg,1280,720,pothole,742,447,779,464
frame410.jpg,1280,720,pothole,856,513,914,557
frame410.jpg,1280,720,pothole,471,423,576,511
frame410.jpg,1280,720,pothole,542,386,626,425
frame410.jpg,1280,720,pothole,719,437,824,473
frame410.jpg,1280,720,pothole,732,419,773,437
frame393.jpg,1280,720,pothole,553,419,587,439
frame187.jpg,1280,720,pothole,537,411,590,450
frame187.jpg,1280,720,pothole,435,488,499,538
frame1313.jpg,1280,720,pothole,522,476,563,553
frame181.jpg,1280,720,pothole,439,513,483,551
frame181.jpg,1280,720,pothole,522,420,572,446
frame181.jpg,1280,720,pothole,487,451,564,501
frame181.jpg,1280,720,pothole,833,510,865,524
frame1870.jpg,1280,720,pothole,840,470,945,508
frame2185.jpg,1280,720,pothole,945,522,1079,575
frame2185.jpg,1280,720,pothole,815,440,848,468
frame1696.jpg,1280,720,pothole,725,398,774,425
frame1201.jpg,1280,720,pothole,680,383,727,420
frame2151.jpg,1280,720,pothole,721,387,832,448
frame2151.jpg,1280,720,pothole,832,473,895,494
frame2151.jpg,1280,720,pothole,960,527,992,556
frame2151.jpg,1280,720,pothole,693,365,729,382
frame464.jpg,1280,720,pothole,568,413,616,437
frame373.jpg,1280,720,pothole,768,430,818,461
frame1362.jpg,1280,720,pothole,600,493,635,593
frame1971.jpg,1280,720,pothole,712,400,873,498
frame343.jpg,1280,720,pothole,819,483,874,513
frame1867.jpg,1280,720,pothole,170,567,290,631
frame1867.jpg,1280,720,pothole,790,440,878,465
frame1868.jpg,1280,720,pothole,800,450,890,475
frame156.jpg,1280,720,pothole,477,483,627,536
frame156.jpg,1280,720,pothole,643,477,738,522
frame156.jpg,1280,720,pothole,515,411,593,465
frame476.jpg,1280,720,pothole,449,544,507,576
frame476.jpg,1280,720,pothole,512,481,570,522
frame476.jpg,1280,720,pothole,488,469,532,496
frame476.jpg,1280,720,pothole,563,405,617,447
frame131.jpg,1280,720,pothole,565,495,621,533
frame131.jpg,1280,720,pothole,596,414,668,445
frame131.jpg,1280,720,pothole,607,396,642,411
frame131.jpg,1280,720,pothole,513,415,579,463
frame131.jpg,1280,720,pothole,557,392,596,410
frame1452.jpg,1280,720,pothole,703,413,761,461
frame1443.jpg,1280,720,pothole,715,425,784,488
frame1443.jpg,1280,720,pothole,800,524,874,580
frame403.jpg,1280,720,pothole,523,432,572,461
frame403.jpg,1280,720,pothole,548,401,594,434
frame1489.jpg,1280,720,pothole,632,418,665,610
frame101.jpg,1280,720,pothole,536,496,584,524
frame101.jpg,1280,720,pothole,806,491,854,511
frame101.jpg,1280,720,pothole,709,411,737,431
frame1834.jpg,1280,720,pothole,748,400,805,424
frame1133.jpg,1280,720,pothole,310,498,375,529
frame1133.jpg,1280,720,pothole,413,473,451,492
frame1464.jpg,1280,720,pothole,786,511,836,555
frame1321.jpg,1280,720,pothole,529,491,546,515
frame110.jpg,1280,720,pothole,754,461,774,477
frame110.jpg,1280,720,pothole,739,445,773,455
frame2110.jpg,1280,720,pothole,699,378,781,434
frame1470.jpg,1280,720,pothole,418,418,482,455
frame213.jpg,1280,720,pothole,766,458,825,511
frame213.jpg,1280,720,pothole,835,523,880,550
frame213.jpg,1280,720,pothole,464,454,571,555
frame213.jpg,1280,720,pothole,546,412,607,452
frame1859.jpg,1280,720,pothole,735,400,788,413
frame1859.jpg,1280,720,pothole,473,428,525,457
frame203.jpg,1280,720,pothole,505,450,565,533
frame203.jpg,1280,720,pothole,570,415,597,443
frame1973.jpg,1280,720,pothole,722,404,955,552
frame1036.jpg,1280,720,pothole,528,385,610,468
frame1436.jpg,1280,720,pothole,646,440,695,535
frame1436.jpg,1280,720,pothole,694,396,772,478
frame1436.jpg,1280,720,pothole,828,540,879,579
frame145.jpg,1280,720,pothole,502,521,647,626
frame145.jpg,1280,720,pothole,473,431,575,509
frame460.jpg,1280,720,pothole,721,413,789,454
frame460.jpg,1280,720,pothole,570,419,599,433
frame460.jpg,1280,720,pothole,587,393,627,410
frame460.jpg,1280,720,pothole,563,439,596,462
frame2127.jpg,1280,720,pothole,770,427,1041,575
frame1959.jpg,1280,720,pothole,695,379,755,409
frame221.jpg,1280,720,pothole,388,547,492,611
frame221.jpg,1280,720,pothole,459,487,549,537
frame221.jpg,1280,720,pothole,545,403,595,482
frame468.jpg,1280,720,pothole,544,405,620,463
frame184.jpg,1280,720,pothole,487,445,560,479
frame184.jpg,1280,720,pothole,428,481,529,561
frame184.jpg,1280,720,pothole,548,397,598,437
frame1981.jpg,1280,720,pothole,787,470,983,568
frame1831.jpg,1280,720,pothole,732,389,787,407
frame1864.jpg,1280,720,pothole,759,417,834,439
frame1864.jpg,1280,720,pothole,355,493,435,519
frame340.jpg,1280,720,pothole,816,457,837,474
frame1856.jpg,1280,720,pothole,725,390,770,407
frame1422.jpg,1280,720,pothole,708,407,780,495
frame1423.jpg,1280,720,pothole,713,409,783,499
frame1423.jpg,1280,720,pothole,785,505,800,519
frame1423.jpg,1280,720,pothole,800,527,844,566
frame190.jpg,1280,720,pothole,501,413,583,488
frame190.jpg,1280,720,pothole,728,418,784,455
frame2172.jpg,1280,720,pothole,742,403,850,454
frame1745.jpg,1280,720,pothole,736,408,785,429
frame199.jpg,1280,720,pothole,396,510,492,566
frame199.jpg,1280,720,pothole,798,495,869,534
frame199.jpg,1280,720,pothole,771,460,828,483
frame199.jpg,1280,720,pothole,535,432,592,463
frame1468.jpg,1280,720,pothole,450,408,497,446
frame1468.jpg,1280,720,pothole,329,474,368,508
frame1828.jpg,1280,720,pothole,723,385,770,402
frame1377.jpg,1280,720,pothole,763,438,805,463
frame2230.jpg,1280,720,pothole,764,419,840,450
frame2187.jpg,1280,720,pothole,755,409,826,424
frame428.jpg,1280,720,pothole,527,405,595,459
frame2164.jpg,1280,720,pothole,800,426,868,462
frame2164.jpg,1280,720,pothole,840,465,905,492
frame2164.jpg,1280,720,pothole,897,499,1028,575
frame2164.jpg,1280,720,pothole,708,374,775,405
frame387.jpg,1280,720,pothole,801,479,849,506
frame387.jpg,1280,720,pothole,768,447,820,477
frame387.jpg,1280,720,pothole,523,447,564,470
frame1433.jpg,1280,720,pothole,565,518,601,546
frame1433.jpg,1280,720,pothole,766,475,875,579
frame1433.jpg,1280,720,pothole,689,385,746,441
frame240.jpg,1280,720,pothole,430,438,580,543
frame240.jpg,1280,720,pothole,817,527,862,559
frame240.jpg,1280,720,pothole,776,481,807,501
frame240.jpg,1280,720,pothole,760,452,788,475
frame345.jpg,1280,720,pothole,790,455,822,467
frame301.jpg,1280,720,pothole,562,400,612,433
frame461.jpg,1280,720,pothole,712,433,789,469
frame461.jpg,1280,720,pothole,595,451,654,478
frame461.jpg,1280,720,pothole,567,421,599,442
frame461.jpg,1280,720,pothole,584,392,626,413
frame1365.jpg,1280,720,pothole,617,445,640,596
frame1218.jpg,1280,720,pothole,756,506,864,580
frame202.jpg,1280,720,pothole,507,438,579,515
frame202.jpg,1280,720,pothole,840,531,875,542
frame1838.jpg,1280,720,pothole,780,420,854,452
frame1396.jpg,1280,720,pothole,705,406,780,508
frame430.jpg,1280,720,pothole,506,424,587,488
frame2143.jpg,1280,720,pothole,707,375,766,409
frame1490.jpg,1280,720,pothole,635,422,667,589
frame1398.jpg,1280,720,pothole,704,418,791,527
frame1694.jpg,1280,720,pothole,713,392,767,415
frame192.jpg,1280,720,pothole,462,442,590,533
frame192.jpg,1280,720,pothole,526,419,580,441
frame192.jpg,1280,720,pothole,751,429,808,484
frame192.jpg,1280,720,pothole,726,410,757,429
frame486.jpg,1280,720,pothole,388,596,480,634
frame421.jpg,1280,720,pothole,333,562,398,599
frame1431.jpg,1280,720,pothole,585,472,610,498
frame1431.jpg,1280,720,pothole,741,449,868,577
frame1431.jpg,1280,720,pothole,690,385,738,430
frame1222.jpg,1280,720,pothole,799,495,875,574
frame1844.jpg,1280,720,pothole,875,480,1038,552
frame1418.jpg,1280,720,pothole,695,388,749,464
frame207.jpg,1280,720,pothole,517,452,594,514
frame207.jpg,1280,720,pothole,753,463,805,492
frame207.jpg,1280,720,pothole,588,464,636,485
frame207.jpg,1280,720,pothole,721,416,762,446
frame207.jpg,1280,720,pothole,540,419,607,452
frame1969.jpg,1280,720,pothole,697,388,855,476
frame2159.jpg,1280,720,pothole,883,505,1052,576
frame2159.jpg,1280,720,pothole,848,473,935,512
frame2159.jpg,1280,720,pothole,795,434,869,472
frame2159.jpg,1280,720,pothole,756,404,808,436
frame2159.jpg,1280,720,pothole,698,368,754,400
frame384.jpg,1280,720,pothole,499,453,533,482
frame391.jpg,1280,720,pothole,846,527,930,569
frame2170.jpg,1280,720,pothole,915,504,1072,570
frame2170.jpg,1280,720,pothole,724,388,820,437
frame1954.jpg,1280,720,pothole,690,370,735,402
frame1691.jpg,1280,720,pothole,700,382,746,403
frame1380.jpg,1280,720,pothole,821,485,857,500
frame1857.jpg,1280,720,pothole,728,392,785,407
frame1857.jpg,1280,720,pothole,490,410,542,439
frame2182.jpg,1280,720,pothole,842,462,940,510
frame2182.jpg,1280,720,pothole,930,511,1072,574
frame1944.jpg,1280,720,pothole,680,359,710,383
frame2167.jpg,1280,720,pothole,842,460,940,520
frame2167.jpg,1280,720,pothole,724,387,789,420
frame160.jpg,1280,720,pothole,451,437,564,542
frame2135.jpg,1280,720,pothole,690,370,745,390
frame2158.jpg,1280,720,pothole,850,481,1020,564
frame2158.jpg,1280,720,pothole,785,425,848,460
frame2158.jpg,1280,720,pothole,830,445,890,485
frame2158.jpg,1280,720,pothole,752,393,791,425
frame2158.jpg,1280,720,pothole,702,367,738,390
frame1449.jpg,1280,720,pothole,783,505,865,578
frame1449.jpg,1280,720,pothole,695,395,737,429
frame1466.jpg,1280,720,pothole,470,406,519,431
frame1466.jpg,1280,720,pothole,380,451,425,477
frame134.jpg,1280,720,pothole,519,604,579,628
frame134.jpg,1280,720,pothole,570,541,625,564
frame134.jpg,1280,720,pothole,564,500,629,520
frame134.jpg,1280,720,pothole,677,466,701,488
frame134.jpg,1280,720,pothole,583,433,664,486
frame134.jpg,1280,720,pothole,604,406,651,428
frame134.jpg,1280,720,pothole,461,483,528,525
frame134.jpg,1280,720,pothole,506,446,564,473
frame134.jpg,1280,720,pothole,543,419,580,438
frame1391.jpg,1280,720,pothole,695,394,736,446
frame1836.jpg,1280,720,pothole,760,408,827,436
frame1167.jpg,1280,720,pothole,752,504,785,530
frame200.jpg,1280,720,pothole,810,516,897,555
frame200.jpg,1280,720,pothole,762,457,839,510
frame200.jpg,1280,720,pothole,530,428,596,469
frame139.jpg,1280,720,pothole,519,488,682,597
frame139.jpg,1280,720,pothole,571,436,646,475
frame139.jpg,1280,720,pothole,537,420,591,448
frame2116.jpg,1280,720,pothole,794,448,876,477
frame2116.jpg,1280,720,pothole,705,385,809,445
frame1475.jpg,1280,720,pothole,362,457,403,482
frame1475.jpg,1280,720,pothole,271,482,361,515
frame1390.jpg,1280,720,pothole,690,391,727,429
frame2224.jpg,1280,720,pothole,730,395,796,422
frame2125.jpg,1280,720,pothole,746,410,1015,578
frame1497.jpg,1280,720,pothole,624,526,664,575
frame311.jpg,1280,720,pothole,461,476,533,532
frame548.jpg,1280,720,pothole,592,368,741,468
frame548.jpg,1280,720,pothole,530,429,587,469
frame1214.jpg,1280,720,pothole,725,445,841,572
frame1871.jpg,1280,720,pothole,870,494,973,529
frame1205.jpg,1280,720,pothole,683,394,736,437
frame1389.jpg,1280,720,pothole,686,385,720,427
frame1473.jpg,1280,720,pothole,348,438,441,491
frame265.jpg,1280,720,pothole,806,510,877,566
frame265.jpg,1280,720,pothole,737,452,797,483
frame265.jpg,1280,720,pothole,463,466,534,502
frame1442.jpg,1280,720,pothole,717,425,771,473
frame1442.jpg,1280,720,pothole,784,502,874,580
frame258.jpg,1280,720,pothole,711,423,762,450
frame258.jpg,1280,720,pothole,705,406,744,424
frame258.jpg,1280,720,pothole,743,456,829,496
frame1706.jpg,1280,720,pothole,809,465,897,496
frame223.jpg,1280,720,pothole,398,536,516,615
frame223.jpg,1280,720,pothole,496,488,546,519
frame223.jpg,1280,720,pothole,521,406,598,481
frame1207.jpg,1280,720,pothole,689,405,750,445
frame1437.jpg,1280,720,pothole,697,398,784,494
frame1437.jpg,1280,720,pothole,839,544,857,574
frame1393.jpg,1280,720,pothole,694,395,745,456
frame1700.jpg,1280,720,pothole,748,415,800,441
frame399.jpg,1280,720,pothole,525,436,577,466
frame2124.jpg,1280,720,pothole,742,412,969,562
frame119.jpg,1280,720,pothole,564,477,621,509
frame119.jpg,1280,720,pothole,445,479,516,525
frame119.jpg,1280,720,pothole,493,433,570,470
frame119.jpg,1280,720,pothole,542,402,593,429
frame119.jpg,1280,720,pothole,570,386,609,402
frame119.jpg,1280,720,pothole,687,415,756,441
frame420.jpg,1280,720,pothole,374,522,431,565
frame420.jpg,1280,720,pothole,825,513,907,545
frame341.jpg,1280,720,pothole,828,469,855,493
frame266.jpg,1280,720,pothole,757,454,814,509
frame173.jpg,1280,720,pothole,790,459,871,519
frame173.jpg,1280,720,pothole,517,448,560,479
frame173.jpg,1280,720,pothole,538,424,578,448
frame173.jpg,1280,720,pothole,565,396,601,420
frame1842.jpg,1280,720,pothole,820,447,961,501
frame212.jpg,1280,720,pothole,522,597,585,625
frame212.jpg,1280,720,pothole,761,448,817,501
frame212.jpg,1280,720,pothole,801,495,846,519
frame212.jpg,1280,720,pothole,479,465,571,529
frame212.jpg,1280,720,pothole,558,409,610,442
frame1353.jpg,1280,720,pothole,619,460,645,485
frame1353.jpg,1280,720,pothole,607,506,640,547
frame2140.jpg,1280,720,pothole,705,375,748,401
frame150.jpg,1280,720,pothole,354,482,509,618
frame150.jpg,1280,720,pothole,471,433,557,482
frame150.jpg,1280,720,pothole,564,422,637,448
frame150.jpg,1280,720,pothole,652,424,692,445
frame150.jpg,1280,720,pothole,560,391,600,419
frame1747.jpg,1280,720,pothole,745,419,800,441
frame307.jpg,1280,720,pothole,508,441,583,476
frame546.jpg,1280,720,pothole,588,369,737,449
frame546.jpg,1280,720,pothole,538,413,593,456
frame546.jpg,1280,720,pothole,516,476,546,498
frame2146.jpg,1280,720,pothole,707,380,793,424
frame1359.jpg,1280,720,pothole,603,398,656,577
frame478.jpg,1280,720,pothole,556,409,618,463
frame206.jpg,1280,720,pothole,481,483,538,533
frame206.jpg,1280,720,pothole,540,424,587,481
frame206.jpg,1280,720,pothole,747,450,794,472
frame206.jpg,1280,720,pothole,735,428,771,445
frame120.jpg,1280,720,pothole,554,489,602,534
frame120.jpg,1280,720,pothole,439,483,520,518
frame120.jpg,1280,720,pothole,476,455,562,476
frame120.jpg,1280,720,pothole,510,424,586,449
frame120.jpg,1280,720,pothole,559,401,601,423
frame120.jpg,1280,720,pothole,688,422,759,439
frame120.jpg,1280,720,pothole,713,450,753,470
frame1392.jpg,1280,720,pothole,691,389,735,455
frame198.jpg,1280,720,pothole,449,482,539,529
frame198.jpg,1280,720,pothole,825,514,926,565
frame198.jpg,1280,720,pothole,770,479,842,509
frame198.jpg,1280,720,pothole,757,448,802,475
frame198.jpg,1280,720,pothole,515,427,611,472
frame1421.jpg,1280,720,pothole,706,399,789,512
frame1403.jpg,1280,720,pothole,746,466,845,569
frame1754.jpg,1280,720,pothole,851,507,944,546
frame2218.jpg,1280,720,pothole,719,385,764,402
frame1451.jpg,1280,720,pothole,703,403,755,455
frame305.jpg,1280,720,pothole,540,424,587,451
frame1972.jpg,1280,720,pothole,719,401,904,517
frame257.jpg,1280,720,pothole,737,441,805,484
frame257.jpg,1280,720,pothole,787,475,910,578
frame1456.jpg,1280,720,pothole,710,419,823,535
frame1456.jpg,1280,720,pothole,637,434,680,504
frame268.jpg,1280,720,pothole,768,489,878,544
frame309.jpg,1280,720,pothole,491,448,574,494
frame1833.jpg,1280,720,pothole,736,395,802,415
frame2137.jpg,1280,720,pothole,707,376,747,402
frame175.jpg,1280,720,pothole,824,496,884,547
frame175.jpg,1280,720,pothole,485,470,539,501
frame175.jpg,1280,720,pothole,520,441,562,463
frame175.jpg,1280,720,pothole,547,406,603,434
frame1426.jpg,1280,720,pothole,725,430,850,575
frame1426.jpg,1280,720,pothole,690,380,719,411
frame1707.jpg,1280,720,pothole,825,481,938,519
frame1955.jpg,1280,720,pothole,690,371,745,408
frame437.jpg,1280,720,pothole,404,526,508,617
frame437.jpg,1280,720,pothole,547,430,593,459
frame1459.jpg,1280,720,pothole,638,467,684,507
frame1459.jpg,1280,720,pothole,741,462,857,575
frame149.jpg,1280,720,pothole,384,468,543,579
frame149.jpg,1280,720,pothole,489,436,564,464
frame149.jpg,1280,720,pothole,575,423,640,443
frame149.jpg,1280,720,pothole,653,419,698,439
frame149.jpg,1280,720,pothole,570,395,602,414
frame132.jpg,1280,720,pothole,551,518,621,560
frame132.jpg,1280,720,pothole,817,500,855,521
frame132.jpg,1280,720,pothole,579,464,642,481
frame132.jpg,1280,720,pothole,587,424,666,454
frame132.jpg,1280,720,pothole,516,447,564,465
frame132.jpg,1280,720,pothole,527,422,583,439
frame132.jpg,1280,720,pothole,551,406,593,422
frame1413.jpg,1280,720,pothole,693,380,727,427
frame1209.jpg,1280,720,pothole,690,405,765,464
frame463.jpg,1280,720,pothole,551,441,597,469
frame463.jpg,1280,720,pothole,572,406,613,427
frame463.jpg,1280,720,pothole,740,430,780,461
frame218.jpg,1280,720,pothole,485,474,555,516
frame218.jpg,1280,720,pothole,517,443,588,479
frame218.jpg,1280,720,pothole,850,549,902,572
frame1478.jpg,1280,720,pothole,241,502,307,523
frame1616.jpg,1280,720,pothole,766,483,787,512
frame2119.jpg,1280,720,pothole,724,392,828,468
frame2119.jpg,1280,720,pothole,882,484,930,535
frame1750.jpg,1280,720,pothole,775,445,840,469
frame1863.jpg,1280,720,pothole,385,473,468,502
frame1863.jpg,1280,720,pothole,761,412,829,427
frame2181.jpg,1280,720,pothole,828,455,910,496
frame2181.jpg,1280,720,pothole,885,500,1056,569
frame388.jpg,1280,720,pothole,823,492,895,540
frame388.jpg,1280,720,pothole,778,457,848,496
frame388.jpg,1280,720,pothole,513,456,563,489
frame1982.jpg,1280,720,pothole,814,492,996,562
frame1487.jpg,1280,720,pothole,634,407,667,537
frame1204.jpg,1280,720,pothole,683,385,732,436
frame154.jpg,1280,720,pothole,518,452,633,491
frame154.jpg,1280,720,pothole,648,451,709,487
frame154.jpg,1280,720,pothole,537,407,592,447
frame2233.jpg,1280,720,pothole,795,444,895,485
frame127.jpg,1280,720,pothole,486,604,560,639
frame127.jpg,1280,720,pothole,357,555,420,613
frame127.jpg,1280,720,pothole,565,479,621,504
frame127.jpg,1280,720,pothole,593,447,629,469
frame127.jpg,1280,720,pothole,825,483,866,514
frame127.jpg,1280,720,pothole,518,434,577,460
frame127.jpg,1280,720,pothole,541,401,600,423
frame127.jpg,1280,720,pothole,609,392,654,423
frame1454.jpg,1280,720,pothole,705,411,791,494
frame1454.jpg,1280,720,pothole,648,423,671,442
frame431.jpg,1280,720,pothole,487,438,563,508
frame219.jpg,1280,720,pothole,455,489,535,539
frame219.jpg,1280,720,pothole,503,452,590,483
frame1448.jpg,1280,720,pothole,768,494,877,579
frame1448.jpg,1280,720,pothole,694,395,740,435
frame1494.jpg,1280,720,pothole,634,460,665,510
frame135.jpg,1280,720,pothole,569,433,674,496
frame135.jpg,1280,720,pothole,689,468,715,493
frame135.jpg,1280,720,pothole,441,492,505,520
frame135.jpg,1280,720,pothole,487,442,555,479
frame135.jpg,1280,720,pothole,519,418,583,438
frame495.jpg,1280,720,pothole,524,444,598,480
frame495.jpg,1280,720,pothole,563,424,597,438
frame1412.jpg,1280,720,pothole,686,379,713,419
frame471.jpg,1280,720,pothole,532,425,603,476
frame471.jpg,1280,720,pothole,711,393,737,423
frame337.jpg,1280,720,pothole,806,471,829,486
frame469.jpg,1280,720,pothole,547,397,602,464
frame2179.jpg,1280,720,pothole,790,429,857,462
frame2179.jpg,1280,720,pothole,859,465,968,524
frame2179.jpg,1280,720,pothole,980,549,1060,571
frame196.jpg,1280,720,pothole,846,530,925,561
frame196.jpg,1280,720,pothole,783,481,852,514
frame196.jpg,1280,720,pothole,761,455,807,478
frame196.jpg,1280,720,pothole,492,456,552,489
frame2229.jpg,1280,720,pothole,756,415,825,453
frame2235.jpg,1280,720,pothole,830,461,949,525
frame179.jpg,1280,720,pothole,515,419,589,472
frame179.jpg,1280,720,pothole,448,485,521,535
frame179.jpg,1280,720,pothole,838,506,874,532
frame1488.jpg,1280,720,pothole,635,412,665,579
frame304.jpg,1280,720,pothole,529,419,591,462
frame434.jpg,1280,720,pothole,444,461,547,540
frame1394.jpg,1280,720,pothole,695,398,758,468
frame406.jpg,1280,720,pothole,492,405,595,494
frame406.jpg,1280,720,pothole,760,458,814,481
frame406.jpg,1280,720,pothole,726,432,787,450
frame406.jpg,1280,720,pothole,715,404,780,428
frame2109.jpg,1280,720,pothole,695,380,786,427
frame185.jpg,1280,720,pothole,481,461,543,491
frame185.jpg,1280,720,pothole,522,400,606,447
frame2149.jpg,1280,720,pothole,723,383,808,433
frame2149.jpg,1280,720,pothole,808,455,856,475
frame2149.jpg,1280,720,pothole,875,484,913,505
frame397.jpg,1280,720,pothole,514,451,562,472
frame1946.jpg,1280,720,pothole,678,360,718,385
frame2112.jpg,1280,720,pothole,699,381,805,435
frame333.jpg,1280,720,pothole,538,467,570,479
frame402.jpg,1280,720,pothole,510,435,562,457
frame402.jpg,1280,720,pothole,489,472,551,498
frame2138.jpg,1280,720,pothole,703,375,755,398
frame2072.jpg,1280,720,pothole,731,409,774,448
frame263.jpg,1280,720,pothole,846,523,905,557
frame263.jpg,1280,720,pothole,772,468,829,509
frame263.jpg,1280,720,pothole,729,424,779,457
frame263.jpg,1280,720,pothole,479,443,567,477
frame1564.jpg,1280,720,pothole,615,480,659,573
frame411.jpg,1280,720,pothole,743,444,829,479
frame411.jpg,1280,720,pothole,901,558,952,576
frame411.jpg,1280,720,pothole,519,433,580,497
frame411.jpg,1280,720,pothole,716,424,786,436
frame411.jpg,1280,720,pothole,537,394,600,432
frame1872.jpg,1280,720,pothole,901,512,1012,561
frame2133.jpg,1280,720,pothole,875,516,1006,569
frame1462.jpg,1280,720,pothole,643,533,689,582
frame1462.jpg,1280,720,pothole,765,474,788,506
frame1462.jpg,1280,720,pothole,795,515,830,550
frame1462.jpg,1280,720,pothole,824,556,865,582
frame448.jpg,1280,720,pothole,567,432,593,447
frame1980.jpg,1280,720,pothole,779,458,868,512
frame2111.jpg,1280,720,pothole,700,381,810,434
frame1388.jpg,1280,720,pothole,685,376,716,418
frame77.jpg,1280,720,pothole,849,527,902,548
frame489.jpg,1280,720,pothole,537,442,597,469
frame489.jpg,1280,720,pothole,556,410,600,429
frame2142.jpg,1280,720,pothole,703,371,755,401
frame549.jpg,1280,720,pothole,569,364,764,492
frame549.jpg,1280,720,pothole,528,435,580,467
frame124.jpg,1280,720,pothole,450,517,616,570
frame124.jpg,1280,720,pothole,452,491,527,511
frame124.jpg,1280,720,pothole,528,410,602,454
frame346.jpg,1280,720,pothole,807,461,833,480
frame1743.jpg,1280,720,pothole,728,401,762,416
frame97.jpg,1280,720,pothole,561,443,623,459
frame97.jpg,1280,720,pothole,747,438,801,457
frame465.jpg,1280,720,pothole,564,405,624,435
frame1958.jpg,1280,720,pothole,693,375,755,405
frame552.jpg,1280,720,pothole,472,444,569,544
frame112.jpg,1280,720,pothole,771,484,800,514
frame112.jpg,1280,720,pothole,759,468,793,483
frame451.jpg,1280,720,pothole,719,416,764,444
frame418.jpg,1280,720,pothole,812,487,885,539
frame418.jpg,1280,720,pothole,449,471,494,512
frame418.jpg,1280,720,pothole,738,421,803,479
frame1430.jpg,1280,720,pothole,740,448,862,576
frame1430.jpg,1280,720,pothole,591,466,610,475
frame1430.jpg,1280,720,pothole,688,384,735,424
frame133.jpg,1280,720,pothole,539,546,609,589
frame133.jpg,1280,720,pothole,577,474,625,502
frame133.jpg,1280,720,pothole,577,425,671,460
frame133.jpg,1280,720,pothole,506,446,555,466
frame133.jpg,1280,720,pothole,530,423,578,443
frame133.jpg,1280,720,pothole,555,407,592,418
frame133.jpg,1280,720,pothole,610,401,650,418
frame133.jpg,1280,720,pothole,675,442,703,460
frame1404.jpg,1280,720,pothole,757,477,855,582
frame426.jpg,1280,720,pothole,548,404,600,435
frame1873.jpg,1280,720,pothole,948,541,1052,578
frame332.jpg,1280,720,pothole,797,500,818,521
frame118.jpg,1280,720,pothole,575,466,621,491
frame118.jpg,1280,720,pothole,464,460,543,509
frame118.jpg,1280,720,pothole,519,415,595,447
frame118.jpg,1280,720,pothole,559,386,621,404
frame118.jpg,1280,720,pothole,686,412,759,431
frame544.jpg,1280,720,pothole,612,362,742,444
frame544.jpg,1280,720,pothole,563,405,604,436
frame544.jpg,1280,720,pothole,518,445,572,471
frame1697.jpg,1280,720,pothole,734,400,780,426
frame1379.jpg,1280,720,pothole,794,466,833,481
frame158.jpg,1280,720,pothole,460,525,618,593
frame158.jpg,1280,720,pothole,660,516,739,584
frame158.jpg,1280,720,pothole,488,418,583,495
frame256.jpg,1280,720,pothole,770,457,919,591
frame256.jpg,1280,720,pothole,734,427,787,461
frame1945.jpg,1280,720,pothole,685,363,712,385
frame1087.jpg,1280,720,pothole,516,416,587,475
frame153.jpg,1280,720,pothole,528,443,624,475
frame153.jpg,1280,720,pothole,647,442,714,467
frame153.jpg,1280,720,pothole,542,404,600,438
frame1369.jpg,1280,720,pothole,610,493,643,544
frame1861.jpg,1280,720,pothole,746,400,819,421
frame1861.jpg,1280,720,pothole,433,441,507,484
frame2186.jpg,1280,720,pothole,834,455,871,474
frame2186.jpg,1280,720,pothole,988,548,1090,603
frame2186.jpg,1280,720,pothole,817,427,838,443
frame2186.jpg,1280,720,pothole,755,403,800,423
frame1399.jpg,1280,720,pothole,713,424,815,563
frame1964.jpg,1280,720,pothole,699,383,787,428
frame1455.jpg,1280,720,pothole,711,415,803,515
frame1455.jpg,1280,720,pothole,646,426,672,488
frame1563.jpg,1280,720,pothole,623,472,660,550
frame1968.jpg,1280,720,pothole,700,383,820,458
frame1979.jpg,1280,720,pothole,768,443,870,497
frame1979.jpg,1280,720,pothole,840,495,953,573
frame224.jpg,1280,720,pothole,343,574,499,633
frame224.jpg,1280,720,pothole,447,500,547,566
frame80.jpg,1280,720,pothole,849,515,879,536
frame115.jpg,1280,720,pothole,573,428,640,461
frame193.jpg,1280,720,pothole,442,452,558,574
frame193.jpg,1280,720,pothole,529,433,560,448
frame193.jpg,1280,720,pothole,722,432,826,500
frame1461.jpg,1280,720,pothole,638,503,692,554
frame1461.jpg,1280,720,pothole,750,458,771,484
frame1461.jpg,1280,720,pothole,770,489,801,516
frame1461.jpg,1280,720,pothole,792,526,857,579
frame2073.jpg,1280,720,pothole,735,418,788,461
frame1458.jpg,1280,720,pothole,644,457,675,480
frame1458.jpg,1280,720,pothole,635,535,669,560
frame1458.jpg,1280,720,pothole,726,435,859,575
frame2141.jpg,1280,720,pothole,712,380,755,404
frame339.jpg,1280,720,pothole,833,474,857,493
frame339.jpg,1280,720,pothole,795,449,816,457
frame2169.jpg,1280,720,pothole,890,489,999,547
frame2169.jpg,1280,720,pothole,723,390,808,437
frame1562.jpg,1280,720,pothole,627,457,658,509
frame436.jpg,1280,720,pothole,403,502,506,603
frame436.jpg,1280,720,pothole,557,419,598,444
frame163.jpg,1280,720,pothole,384,466,548,627
frame2223.jpg,1280,720,pothole,725,393,787,418
frame1827.jpg,1280,720,pothole,720,380,767,398
frame1334.jpg,1280,720,pothole,619,429,640,498
frame1741.jpg,1280,720,pothole,716,390,757,414
frame1465.jpg,1280,720,pothole,410,440,433,464
frame1465.jpg,1280,720,pothole,481,399,529,424
frame433.jpg,1280,720,pothole,458,449,561,523
frame415.jpg,1280,720,pothole,886,519,940,567
frame415.jpg,1280,720,pothole,817,511,867,550
frame415.jpg,1280,720,pothole,483,446,545,464
frame415.jpg,1280,720,pothole,483,465,535,483
frame1699.jpg,1280,720,pothole,747,410,796,427
frame1312.jpg,1280,720,pothole,527,467,580,525
frame242.jpg,1280,720,pothole,408,475,558,563
frame242.jpg,1280,720,pothole,819,516,848,542
frame242.jpg,1280,720,pothole,790,486,805,498
frame2115.jpg,1280,720,pothole,704,387,835,460
frame1693.jpg,1280,720,pothole,715,388,762,412
frame300.jpg,1280,720,pothole,541,386,613,431
frame1337.jpg,1280,720,pothole,610,459,637,520
frame1469.jpg,1280,720,pothole,434,410,495,451
frame1469.jpg,1280,720,pothole,287,485,337,520
frame2160.jpg,1280,720,pothole,805,442,944,520
frame2160.jpg,1280,720,pothole,923,528,1080,583
frame2160.jpg,1280,720,pothole,762,400,814,440
frame2160.jpg,1280,720,pothole,701,375,757,403
frame2136.jpg,1280,720,pothole,701,371,742,402
frame1435.jpg,1280,720,pothole,650,431,684,520
frame1435.jpg,1280,720,pothole,690,390,760,466
frame1435.jpg,1280,720,pothole,800,513,871,581
frame222.jpg,1280,720,pothole,447,505,531,565
frame222.jpg,1280,720,pothole,516,410,602,501
frame222.jpg,1280,720,pothole,693,401,733,448
frame2144.jpg,1280,720,pothole,707,375,769,413
frame1704.jpg,1280,720,pothole,785,441,854,471
frame98.jpg,1280,720,pothole,754,446,807,469
frame98.jpg,1280,720,pothole,559,452,610,470
frame547.jpg,1280,720,pothole,495,483,550,511
frame547.jpg,1280,720,pothole,541,424,592,457
frame547.jpg,1280,720,pothole,588,366,742,465
frame1311.jpg,1280,720,pothole,541,461,590,500
frame157.jpg,1280,720,pothole,451,502,615,559
frame157.jpg,1280,720,pothole,643,496,728,550
frame157.jpg,1280,720,pothole,486,416,596,479
frame473.jpg,1280,720,pothole,502,475,562,499
frame473.jpg,1280,720,pothole,546,447,584,463
frame473.jpg,1280,720,pothole,575,392,616,430
frame473.jpg,1280,720,pothole,710,396,750,430
frame267.jpg,1280,720,pothole,775,473,835,529
frame1039.jpg,1280,720,pothole,532,390,612,467
frame432.jpg,1280,720,pothole,457,434,569,531
frame370.jpg,1280,720,pothole,471,501,511,554
frame2180.jpg,1280,720,pothole,796,443,883,475
frame2180.jpg,1280,720,pothole,850,478,1030,554
frame2177.jpg,1280,720,pothole,898,504,985,548
frame2177.jpg,1280,720,pothole,767,418,912,503
frame243.jpg,1280,720,pothole,435,481,551,564
frame243.jpg,1280,720,pothole,796,498,842,525
frame2154.jpg,1280,720,pothole,790,444,887,480
frame2154.jpg,1280,720,pothole,740,407,800,433
frame2154.jpg,1280,720,pothole,727,391,766,407
frame2154.jpg,1280,720,pothole,699,372,725,384
frame2154.jpg,1280,720,pothole,974,543,1028,574
frame2162.jpg,1280,720,pothole,703,375,757,405
frame2162.jpg,1280,720,pothole,775,418,826,441
frame2162.jpg,1280,720,pothole,814,448,860,462
frame2162.jpg,1280,720,pothole,845,467,944,525
frame2130.jpg,1280,720,pothole,804,458,886,505
frame2130.jpg,1280,720,pothole,870,513,1025,579
frame462.jpg,1280,720,pothole,765,461,814,493
frame462.jpg,1280,720,pothole,557,429,594,454
frame462.jpg,1280,720,pothole,582,391,618,421
frame462.jpg,1280,720,pothole,718,417,783,448
frame214.jpg,1280,720,pothole,776,468,845,530
frame214.jpg,1280,720,pothole,549,407,607,439
frame214.jpg,1280,720,pothole,538,438,584,456
frame1428.jpg,1280,720,pothole,740,447,865,581
frame2157.jpg,1280,720,pothole,859,480,970,536
frame2157.jpg,1280,720,pothole,771,421,876,479
frame2157.jpg,1280,720,pothole,743,394,783,423
frame2157.jpg,1280,720,pothole,695,373,730,390
frame180.jpg,1280,720,pothole,452,500,498,536
frame180.jpg,1280,720,pothole,861,536,905,557
frame180.jpg,1280,720,pothole,498,418,584,479
frame1223.jpg,1280,720,pothole,816,520,891,572
frame1220.jpg,1280,720,pothole,773,470,838,548
frame174.jpg,1280,720,pothole,789,477,885,550
frame174.jpg,1280,720,pothole,506,455,553,483
frame174.jpg,1280,720,pothole,528,431,566,448
frame174.jpg,1280,720,pothole,557,401,597,429
frame1405.jpg,1280,720,pothole,768,489,847,579
frame2078.jpg,1280,720,pothole,784,461,824,483
frame2132.jpg,1280,720,pothole,848,498,958,538
frame141.jpg,1280,720,pothole,507,531,651,623
frame141.jpg,1280,720,pothole,557,447,655,514
frame141.jpg,1280,720,pothole,452,457,545,504
frame141.jpg,1280,720,pothole,424,497,489,539
frame141.jpg,1280,720,pothole,314,583,424,641
frame141.jpg,1280,720,pothole,525,402,601,450
frame1752.jpg,1280,720,pothole,808,471,876,494
frame371.jpg,1280,720,pothole,455,509,521,565
frame371.jpg,1280,720,pothole,821,498,884,528
frame342.jpg,1280,720,pothole,806,469,875,501
frame1414.jpg,1280,720,pothole,686,382,731,431
frame2126.jpg,1280,720,pothole,753,420,1013,570
frame1830.jpg,1280,720,pothole,730,387,783,412
frame260.jpg,1280,720,pothole,764,479,863,548
frame260.jpg,1280,720,pothole,749,438,784,456
frame260.jpg,1280,720,pothole,720,409,753,434
frame404.jpg,1280,720,pothole,512,439,561,466
frame404.jpg,1280,720,pothole,544,398,597,435
frame2238.jpg,1280,720,pothole,906,520,1065,576
frame450.jpg,1280,720,pothole,714,412,753,435
frame1492.jpg,1280,720,pothole,628,440,674,606
frame1962.jpg,1280,720,pothole,695,381,775,415
frame1420.jpg,1280,720,pothole,701,401,770,488
frame208.jpg,1280,720,pothole,501,481,564,518
frame208.jpg,1280,720,pothole,579,481,620,509
frame208.jpg,1280,720,pothole,528,466,580,484
frame208.jpg,1280,720,pothole,531,436,575,458
frame208.jpg,1280,720,pothole,772,469,824,501
frame208.jpg,1280,720,pothole,728,419,789,461
frame208.jpg,1280,720,pothole,576,393,621,416
frame477.jpg,1280,720,pothole,385,575,484,635
frame477.jpg,1280,720,pothole,564,402,623,460
frame477.jpg,1280,720,pothole,584,438,601,444
frame183.jpg,1280,720,pothole,453,464,546,534
frame183.jpg,1280,720,pothole,512,449,563,464
frame183.jpg,1280,720,pothole,547,393,606,439
frame159.jpg,1280,720,pothole,462,561,612,638
frame159.jpg,1280,720,pothole,652,551,760,632
frame159.jpg,1280,720,pothole,482,425,563,518
frame1690.jpg,1280,720,pothole,705,380,741,406
frame1839.jpg,1280,720,pothole,785,421,865,455
frame204.jpg,1280,720,pothole,484,448,551,551
frame204.jpg,1280,720,pothole,560,406,599,451
frame204.jpg,1280,720,pothole,732,433,774,449
frame100.jpg,1280,720,pothole,536,477,598,502
frame100.jpg,1280,720,pothole,774,472,848,497
frame100.jpg,1280,720,pothole,697,411,734,424
frame1440.jpg,1280,720,pothole,754,462,855,573
frame1440.jpg,1280,720,pothole,706,408,750,449
frame2174.jpg,1280,720,pothole,749,406,889,475
frame1947.jpg,1280,720,pothole,681,360,723,390
frame1367.jpg,1280,720,pothole,611,458,642,588
frame551.jpg,1280,720,pothole,492,445,563,522
frame2166.jpg,1280,720,pothole,714,383,782,419
frame2166.jpg,1280,720,pothole,820,445,909,488
frame2166.jpg,1280,720,pothole,895,500,975,538
frame2166.jpg,1280,720,pothole,974,545,1053,574
frame1364.jpg,1280,720,pothole,611,436,643,608
frame2222.jpg,1280,720,pothole,719,390,778,416
frame122.jpg,1280,720,pothole,525,554,588,598
frame122.jpg,1280,720,pothole,461,464,629,524
frame122.jpg,1280,720,pothole,532,409,585,455
frame1434.jpg,1280,720,pothole,691,390,755,456
frame1434.jpg,1280,720,pothole,786,498,877,581
frame1434.jpg,1280,720,pothole,547,554,575,574
frame1434.jpg,1280,720,pothole,654,435,684,503
frame1970.jpg,1280,720,pothole,703,394,855,480
frame386.jpg,1280,720,pothole,750,433,833,508
frame1033.jpg,1280,720,pothole,503,382,605,507
frame1835.jpg,1280,720,pothole,756,401,820,430
frame408.jpg,1280,720,pothole,819,477,858,512
frame408.jpg,1280,720,pothole,761,458,801,485
frame408.jpg,1280,720,pothole,727,432,793,446
frame408.jpg,1280,720,pothole,720,407,761,424
frame408.jpg,1280,720,pothole,498,406,606,493
frame427.jpg,1280,720,pothole,524,408,590,448
frame136.jpg,1280,720,pothole,546,551,620,582
frame136.jpg,1280,720,pothole,697,497,720,514
frame136.jpg,1280,720,pothole,563,454,671,511
frame136.jpg,1280,720,pothole,596,411,659,443
frame136.jpg,1280,720,pothole,461,456,557,481
frame136.jpg,1280,720,pothole,523,438,575,454
frame96.jpg,1280,720,pothole,741,428,793,450
frame96.jpg,1280,720,pothole,573,431,625,451
